FinInstrmId,Market Cap
500020,3487.34
500028,228.03
500032,3510.19
500038,12577.51
500042,21945.82
500048,19218.94
500049,299152.7
500059,38.96
500060,536.7
500068,2151.48
500074,422.07
500078,1267.56
500013,79.49
500084,24105.5
500002,118807.49
500040,24930.48
500089,561.75
500093,106674.64
500103,89663.13
500104,92294.3
500069,378.0
500085,22182.11
500108,3144.96
500110,11057.42
500083,187.76
500092,43486.76
500112,728918.34
500113,55694.29
500096,93402.52
500117,2266.79
500116,105534.83
500101,8977.07
500097,3299.09
500123,10617.15
500106,16966.1
500126,9738.86
500128,7381.12
500133,8073.33
500135,7534.22
500142,10.82
500143,58.2
500144,14529.24
500147,2349.16
500148,4325.11
500150,3193.23
500151,64.2
500153,680.3
500159,160.59
500160,160.76
500163,48674.37
500164,37741.49
500165,20171.84
500166,478.22
500168,2425.79
500170,48.24
500171,6029.48
500173,706.77
500174,17.63
500179,530.69
500180,1529978.81
500182,89129.0
500183,11910.71
500184,25349.29
500185,5268.93
500186,2277.23
500187,5253.43
500188,184773.2
500191,3012.29
500192,17.18
500109,25552.89
500193,869.56
500199,1480.31
500202,13.89
500125,20624.35
500120,393.85
500119,991.93
500210,13397.3
500206,39.03
500114,303165.66
500215,3371.04
500219,3703.09
500124,105135.69
500227,2613.17
500233,18847.49
500234,123.92
500235,3994.25
500238,17608.54
500239,44.23
500240,655.63
500241,17575.18
500243,4599.76
500245,9491.33
500246,40.32
500247,435094.19
500249,15154.47
500250,4204.22
500251,191701.95
500252,17638.7
500253,34040.65
500257,89221.78
500259,401.16
500260,27255.14
500262,46.92
500264,902.21
500265,9493.98
500266,16608.0
500267,327.0
500268,1177.16
500270,369.1
500271,54571.27
500277,12.5
500279,448.71
500280,1116.57
500282,163.44
500201,6339.21
500284,432.65
500214,8197.2
500213,399.33
500290,63752.35
500228,253838.12
500220,133.99
500295,175869.7
500300,189181.91
500302,30013.26
500288,3452.11
500307,4745.62
500285,5122.83
500292,4814.4
500298,600.33
500294,14377.69
500306,1772.52
500325,2009436.86
500304,1710.05
500327,357.67
500312,306581.4
500313,429.41
500335,10691.42
500336,6937.14
500317,1121.53
500319,189.23
500322,129.71
500314,2820.08
500342,133.85
500346,66.73
500350,796.25
500331,152442.03
500330,4640.19
500333,2105.16
500338,8116.62
500339,5065.37
500365,2281.37
500337,1021.46
500367,456.61
500343,254.82
500356,474.28
500355,6865.72
500354,155.87
500366,40.15
500357,12.01
500360,46.73
500368,63190.29
500400,129027.81
500370,39.46
500378,14385.74
500380,11490.48
500405,15296.22
500387,112169.09
500404,5423.7
500410,37155.59
500388,54.07
500402,2018.06
500389,232.8
500390,15342.16
500403,21848.1
500407,5579.51
500408,39715.52
500411,41406.81
500412,2959.02
500414,2264.81
500413,7749.52
500418,128.27
500420,116032.5
500440,150642.83
500421,70.29
500425,146161.75
500422,50.18
500458,70.54
500426,9.0
500439,1302.15
500429,1074.48
500449,250.22
500467,393.1
500450,31.32
500470,198549.16
500444,3644.25
500477,73662.79
500456,461.17
500483,49340.63
500488,72957.78
500490,157158.68
500493,59184.98
500459,42815.71
500495,37566.87
500510,480633.11
500520,389299.14
500530,113034.23
500540,11.63
500547,151412.57
500550,112021.27
500570,252178.75
500575,46257.69
500620,14534.99
500645,20205.63
500650,1696.35
500655,8570.66
500660,54096.43
500670,8100.84
500672,2607.35
500674,13748.91
500464,337.23
500690,8152.85
500460,2038.11
500696,593577.24
500463,9113.61
500730,3221.08
500770,23794.24
500469,52034.39
500472,24049.1
500800,107052.71
500480,99103.16
500825,139649.42
500500,579.86
500840,23635.64
500850,106116.87
500870,22275.04
500875,528428.04
500877,29170.19
500680,24882.19
500777,949.2
500940,12936.94
500710,16358.08
500790,233012.68
500780,795.31
500820,229531.24
500830,65386.71
500878,15717.69
500890,325.53
501148,13.08
501295,373.27
501298,1114.43
501150,1665.38
501301,33344.83
501311,5.74
501314,31.61
501343,103.17
501370,43.85
501477,19.32
501421,2353.13
501351,17.74
501700,34.96
501391,236.02
501848,224.66
501423,7504.47
502090,3194.49
502133,35.86
502137,1257.31
501425,13964.85
501430,82.0
501455,4946.85
501622,25.42
501833,90.08
501831,249.0
502015,310.76
502157,2072.06
502168,982.0
502175,984.7
502180,1115.08
502445,57.72
502219,7391.64
502448,42.77
502587,159.6
502250,29.72
502865,562.96
502281,17.29
502330,1629.38
502294,83.79
502355,51629.22
502420,621.28
502820,215.63
502450,1863.98
502893,18.13
502873,42.44
502901,82.44
502937,202.54
503031,1329.38
502986,14490.26
503092,30.59
503100,53324.61
503101,4967.21
503162,141.14
503169,824.46
503229,58.29
503349,63.83
503310,15749.64
503624,13.56
503641,47.18
503663,142.18
503657,26.83
503675,5.37
503681,2770.0
503722,502.7
503685,29.68
503772,5.35
503776,50.31
503804,173.62
503806,95668.15
503811,3296.36
503960,3711.15
503837,30.81
504080,165.52
503816,240.94
504000,1746.48
504093,296.1
504112,2011.21
504028,427.51
504058,341.96
504180,32.52
504212,2706.24
504036,2263.84
504220,583.7
504240,583.2
504258,270.4
504067,18423.43
504351,175.73
504369,6.4
504741,2337.75
505029,83.85
505075,233.96
505196,2539.54
505232,574.16
505216,232.2
505242,4924.48
505283,9120.02
505299,287.56
505324,61.59
505302,151.07
505355,9113.64
505412,2279.09
505502,5.11
505504,1726.77
505515,18.49
505520,1.32
505523,30.42
504076,188.85
504132,771.15
504176,690.22
505685,38.61
505690,400.74
505693,116.13
505700,13994.7
505710,4980.73
505712,201.84
505714,15701.0
505720,650.24
505725,1896.23
505726,6148.73
505729,413.46
505737,203.83
505744,3215.54
505790,65741.32
505800,2245.9
505807,54.36
505827,149.52
505840,21.04
505850,385.9
505872,4080.69
505890,5130.82
505893,160.77
505978,330.14
506022,2919.03
506076,19279.12
506079,5.13
506105,32.16
506109,2711.71
506128,120.6
505650,89.7
505688,146.67
506222,5583.17
505854,419.29
506395,69112.96
506146,24.29
506134,228.26
506186,169.94
506194,1741.69
506597,1303.21
506618,1595.31
506640,140.61
506655,9926.11
506685,1559.28
506687,911.76
506690,4247.93
506734,81.47
506767,11762.3
506808,981.63
506820,22947.13
506852,641.48
506854,4726.16
506858,37.0
506863,31.42
506879,3915.12
506480,1955.64
506919,91.16
506935,15.93
506943,25772.35
506520,23.96
507180,84.66
507265,342.35
507300,37.74
507410,1461.17
506525,395.64
507488,1672.39
507490,244.79
507580,192.74
507598,106.69
507609,9.08
507621,198.85
507645,169.6
507685,269929.02
507690,48.62
507717,7650.24
507747,1925.12
507753,1077.75
507759,11.25
507779,465.23
506981,29.56
507315,306.63
507878,2078.63
507880,6862.39
507910,140.24
507917,12.27
507938,13.94
507944,1380.7
507946,65.28
507948,81.9
507966,16.1
507970,20.62
507981,63.0
507984,14.28
507998,159.54
508136,146.57
508486,5121.75
508494,68.6
508571,31.27
508664,25.61
508670,228.42
508807,1090.59
508814,2913.72
508869,105847.08
508875,318.76
508906,893.9
508918,63.61
508933,1324.52
508954,1463.26
508956,19.23
508963,16.02
508969,35.67
507833,17.79
507836,804.37
507864,71.32
508980,31.19
508989,3294.97
509009,145.36
509488,11421.66
509631,10239.39
509038,5.33
509196,50.43
509220,549.89
509496,14823.55
509732,4423.73
509820,1752.11
511413,1126.47
511176,24.16
511355,38.25
511333,812.04
511473,154.3
511493,17.26
511359,54.48
511505,159.12
511507,10.81
511525,30.82
511431,1072.36
511535,28.25
511543,20.26
511447,83.93
511441,8.57
511589,551.39
511593,29.56
511601,18.05
511605,907.86
511609,66.22
511611,12.3
511626,54.02
511636,18.18
511644,3.76
511658,59.84
511664,11.41
511523,41.1
511692,63.61
511696,80.71
511700,162.0
511702,498.0
511710,14.99
511712,39.94
511549,52.07
511714,249.65
511716,33.33
511724,148.28
511728,8.82
511551,2997.94
511630,134.92
511742,2107.44
511754,401.39
511758,24.59
511756,23.03
511764,71.52
511766,586.27
512008,3351.46
511768,1442.62
512014,477.79
511628,892.39
512026,6.2
512036,41.75
512038,1858.54
512047,97.1
512063,0.68
511726,145.05
511740,58.87
512093,53.79
512115,42.87
512020,1471.28
512048,82.47
512064,21.49
512175,34.89
512179,6425.74
512197,1.91
512217,8.49
512229,1018.38
512237,1951.62
512267,1931.33
512070,57799.09
512301,7.77
512329,4085.09
512344,7.24
512345,72.78
512361,560.9
512379,186.18
512091,1.01
512381,299.34
512393,389.78
512415,17.7
512425,29.48
512443,12.55
512149,218.01
512161,85.93
512463,11020.43
512165,219.71
512485,78.24
512489,42.55
512493,244.75
512499,48.23
512527,287.09
512529,4584.89
512531,828.3
512559,134.94
512573,9776.31
512587,61.6
512589,51.42
512591,27.34
512595,384.55
512297,10.72
512455,77429.34
512519,565.24
512597,188.76
512618,10.84
512600,86.66
512599,300092.76
512608,137.79
513005,20.65
513043,107.57
513059,50.08
513119,78.11
513252,251.58
513262,3809.27
513303,26.58
513269,2660.62
513337,158.73
513353,255.88
513349,3532.88
513361,238.85
513397,4.55
513418,53.55
513401,17.63
513422,23.9
513430,14.24
513436,121.75
513517,2428.4
513536,876.99
513687,3.26
514043,1888.65
514045,164.78
514165,111.37
514167,3864.62
514175,526.35
514183,527.34
514197,19.16
514171,72.5
514211,71.68
514223,7.95
514234,2348.78
514238,642.11
514248,14.78
514240,14.49
514266,28.59
514264,16.4
514274,368.32
514280,82.19
514286,536.26
514302,106.19
514300,131.55
514312,39.82
514322,58.96
514316,502.2
514324,208.94
514326,35.0
514330,172.89
514332,16.15
514358,86.8
514354,548.85
514360,185.94
514378,44.37
514386,14.51
514402,103.01
514412,31.81
514418,471.47
514428,166.28
514440,16.23
514446,2899.56
514448,1629.0
514442,66.98
515030,20426.85
515043,1031.32
514450,239.97
514454,23.53
515008,527.54
514460,11.43
514470,204.15
515018,118.19
515055,20856.52
515037,273.66
515059,21.82
515127,6.2
515093,40.87
516020,8.35
516003,240.86
515147,728.6
516022,274.16
516032,187.76
516030,930.43
516064,965.33
516108,166.78
516072,3439.81
517035,2065.08
517041,1877.94
516078,56.74
517044,6.29
517059,1536.72
517096,118.16
516096,24.96
517119,55.71
517146,11919.97
517166,576.24
517168,6121.72
517174,35854.59
517206,3343.22
517214,525.65
517236,142.31
516098,21.17
516106,17.7
516110,23.71
517015,2057.31
517271,16817.42
517063,133.69
517288,84.77
517300,3350.34
517170,125.89
517201,19.34
517238,102.24
517356,20.44
517360,31.78
517246,165.73
517258,234.73
517264,32.19
517334,109797.91
517344,696.56
517354,96495.71
517372,170.84
517385,8000.22
517393,276.83
517397,17.07
517399,6.92
517411,17.67
517415,55.77
517421,1271.24
517423,47.06
517431,68.29
517429,124.34
517437,77.16
517447,217.94
517449,545.9
517477,141.2
517467,3493.63
517494,91.14
517500,1832.63
517498,5808.44
517506,8649.76
517514,177.02
517530,252.92
517522,2062.32
517536,810.96
517544,3456.25
517546,62.44
517554,62.83
517556,530.7
517562,255.77
517569,37189.07
518053,41.92
518011,60.41
518075,323.02
518091,440.92
519003,613.84
519064,6.3
519097,32.41
519091,2889.06
519105,1034.01
519126,6650.64
519136,549.14
519152,884.23
519174,5.64
519156,3705.33
519183,2922.37
519191,26.75
519262,12.04
519214,6.39
519216,299.24
519224,38.01
519230,26.22
519307,30.67
519234,67.93
519238,128.26
519260,36.07
519287,148.39
519285,14.75
519295,228.73
519455,111.29
519299,124.97
519367,3.67
519331,90.43
519359,39.4
519383,289.89
519421,754.58
519397,436.89
519457,97.99
519475,32.23
519477,1300.5
519479,9.59
519483,20.96
519500,19.23
519528,41.95
519506,17.49
519532,30.6
519566,63.7
519552,4351.2
519574,34.5
519602,1287.18
519600,11894.0
519604,8.23
519606,16.98
520021,235.51
520008,1041.69
520043,612.92
520086,813.98
520111,20151.45
520113,10523.52
520051,3801.08
520056,24278.6
520123,47.54
520127,35.91
520141,17.24
520057,3713.83
520059,799.0
521005,44.85
520066,822.92
520073,1082.15
520075,131.59
520119,922.67
520121,3.22
520151,605.48
521054,11.85
520155,116.74
521014,12.42
521018,309.57
521016,5802.0
521097,123.12
521105,24.09
521034,258.48
521048,16.8
521064,15980.92
521133,25.16
521062,13.88
521070,10312.8
521080,12.01
521113,290.86
521131,23.42
521141,36.75
521151,53.55
521149,43.78
521163,283.33
521161,13.97
521178,41.29
521180,55.99
521194,637.55
521200,136.34
521206,19.52
521210,20.13
521216,70.99
521220,90.8
521226,18.39
521222,29.0
521234,14.62
521228,45.49
521238,1339.16
521240,61.82
521244,41.79
521246,86.23
522001,57.95
521248,5665.8
522005,50.83
522004,439.85
522014,455.91
522017,679.93
522027,9.66
522034,3972.73
522029,3048.4
522036,20.94
522064,3064.41
522073,1324.92
522074,17534.58
522091,179.1
522101,2404.94
522113,25444.99
522105,300.51
522108,1408.55
522122,840.71
522134,670.1
522152,71.68
522163,9074.44
522165,162.58
522195,1973.19
522183,123.43
522205,9080.37
522207,56.76
522209,21.55
522215,2921.08
522217,462.15
522231,80.82
522267,27.34
522235,93.07
522237,12.91
522241,1779.42
522249,2596.51
522251,201.44
522261,1784.2
522257,2354.4
522275,58763.96
522273,85.24
522281,2862.73
522285,4709.34
522287,20828.27
522289,18.88
522294,91.22
522292,168.79
522295,1427.4
523007,93.0
522650,706.88
523011,183.6
523120,45.73
523127,2378.04
523144,55.6
523151,9.16
523160,823.76
523019,99.02
523021,40.61
523023,474.67
523025,10756.75
523100,328.3
523116,138.06
523105,1482.6
523204,303.32
523186,56.9
523222,13.97
523229,639.3
523232,66.39
523248,159.31
523260,50.32
523261,2245.45
523269,567.94
523283,192.06
523277,70.86
523289,93.84
523309,167.56
523319,3714.2
523384,155.65
523301,3409.54
523385,2596.52
523323,6777.75
523395,33465.65
523405,16297.79
523411,545.1
523329,765.01
523419,114.57
523449,150.48
523457,58419.69
523445,1416.83
523467,18.9
523465,39.69
523475,1835.69
523483,150.23
523489,25.99
523519,10.54
523537,83.85
523539,3501.7
523550,68.25
523558,650.65
523566,37.62
523574,27.75
523586,258.7
523594,15.16
523598,10224.29
523606,2565.73
523610,30623.47
523618,1940.54
523630,4900.88
523642,63272.52
523638,177.53
523367,21850.63
523652,11.01
523660,218.94
523650,25.2
523672,72.71
523676,125.88
523694,2079.24
523371,390.97
523708,1453.63
523373,430.73
523391,857.26
523398,4821.9
523620,24.37
523648,534.73
523696,131.19
523716,3362.56
523704,7822.92
523732,55.28
523736,1200.3
523752,89.1
523782,13.64
523754,398.74
523792,589.54
523796,696.54
523828,703.58
523826,20.72
523832,18.64
523836,21.53
523840,51.58
523838,2109.44
523842,99.01
524019,4135.36
524037,492.82
523844,76.43
524051,3609.19
524055,8.6
524075,522.89
523850,765.41
523862,1135.32
523888,50.53
524129,581.56
523896,6.96
524000,35464.19
524164,2745.36
524013,27.05
524038,28.84
524080,34.21
524091,2486.74
524109,1086.96
524136,119.74
524156,30.1
524200,20237.09
524174,294.95
524230,8628.4
524238,35.38
524280,866.24
524204,64.96
524208,16383.78
524212,888.08
524226,5109.59
524314,38.45
524322,45.9
524332,1239.69
524330,761.7
524336,61.27
524404,11872.89
524342,761.34
524372,3752.71
524348,4838.22
524370,969.52
524394,2067.28
524400,22.73
524396,77.14
524408,69.01
524412,194.96
524434,21.64
524414,17.75
524440,41.86
524444,433.66
524458,11.77
524470,1781.3
524480,570.59
524488,64.1
524494,37181.08
524506,215.03
524500,852.36
524520,1075.38
524522,26.22
524542,552.86
524548,29.85
524558,19628.32
524564,53.26
524570,319.36
524572,232.41
524576,15.06
524580,6.77
524582,168.77
524590,3.48
524592,303.54
524594,97.21
524598,243.4
524632,926.55
524602,47.7
524604,8.75
524606,10.76
524614,58.16
524624,12.82
524622,23.73
524628,8.01
524634,330.02
524636,403.49
524640,88.24
524642,4.5
524648,1182.81
524654,222.33
524652,102.48
524661,131.3
524663,99.7
524667,3044.08
524675,39.29
524687,136.03
524709,5231.73
524703,47.82
524711,69.06
524715,414522.99
524717,375.67
524731,573.73
524742,15907.73
524735,4290.87
524748,15.61
524743,5159.26
524752,11.91
524768,17.08
524774,848.49
524790,320.45
524804,67024.51
524816,18106.22
524808,13.05
524818,33.31
524820,2097.31
524824,162.39
524828,154.32
526001,4.01
526027,138.97
526043,33.47
526071,24.21
526073,289.63
526081,9.44
526113,10.89
526115,5.89
526117,114.12
526125,2635.96
526133,9.35
526137,144.23
526139,33.41
526161,32.62
526225,8.62
526227,2629.84
526169,352.16
526179,491.58
526193,95.09
526211,137.85
526217,351.76
526315,66.34
526325,88.24
526335,69.01
526345,31.87
526365,66.6
526373,27.14
526231,53.69
526381,123.17
526247,2873.54
526237,119.1
526423,880.51
526433,3454.34
526241,81.64
526251,12.59
526263,460.59
526269,50.37
526409,105.55
526397,182.0
526439,7.27
526435,73.59
526441,6.95
526443,201.05
526445,63.52
526468,9.39
526473,10.06
526477,9.99
526479,83.1
526481,69.68
526488,122.81
526494,6.48
526532,18.44
526544,118.23
526546,130.77
526550,307.31
526554,16.68
526570,1240.35
526506,1542.88
526574,7.66
526500,16.68
526582,629.02
526588,9.72
526596,655.95
526604,14.88
526612,16298.96
526608,1367.69
526614,159.1
526622,21.26
526616,57.84
526638,180.91
526508,25.26
526642,452.06
526640,100.05
526654,165.51
526662,14.76
526666,1088.87
526668,695.43
526677,50.3
526705,86.58
526519,256.36
526711,27.75
526717,187.24
526709,119.15
526723,268.6
526721,528.37
526727,52.83
526729,3665.74
526725,871.24
526747,291.81
526731,213.58
526521,1713.22
526739,226.5
526751,5.97
526761,24.61
526773,44.51
526775,697.97
526783,2100.9
526755,18.38
526797,3796.99
526813,5.4
526817,685.37
526821,256.32
526807,2140.66
526829,1850.25
526827,19.26
526841,9.08
526849,78.9
526847,40.94
526839,5.6
526853,168.56
526851,53.62
526861,132.33
526865,6.44
526859,10.26
526873,311.72
526881,4948.14
526877,8.03
526885,950.68
526891,6.3
526899,133.69
526901,33.34
526905,7.32
526935,123.69
526921,61.75
526945,40.83
526961,697.88
526953,668.08
526967,5.31
526965,75.89
526971,184.49
526525,6.15
527001,5080.56
526981,191.7
530001,4333.51
527005,31.35
530005,10809.21
530007,10182.58
530011,3336.2
530019,19067.55
530017,124.35
530023,794.08
530025,19.92
530027,5.3
530037,45.9
530043,89.56
530045,83.8
530057,8.28
530053,59.5
526530,509.92
530065,11.62
530063,10.81
530067,732.46
530073,2328.89
530079,1733.46
530075,998.49
530077,99.66
530095,31.46
530109,49.34
530111,12.37
530117,9507.86
530119,15.92
530125,114.94
530127,15.42
530129,534.89
530135,5295.82
530133,36.48
530139,41.64
530141,16.12
530145,479.64
530167,18.24
530163,700.53
530171,19.6
530175,158.3
530179,23.92
530185,146.34
530187,6.65
530197,105.26
530201,25.35
530207,5.7
530213,41.53
530215,324.94
530217,38.14
530233,182.05
530235,44.51
530239,6487.69
526586,642.18
526650,2691.75
530249,35.73
530253,210.02
530255,30.71
530259,24.08
530263,26.69
530265,45.42
530271,6.28
530281,8.36
530299,510.69
530305,5495.73
530307,1647.91
530309,38.74
530313,313.3
530315,158.8
530317,67.02
530331,144.6
530341,92.96
530343,11338.04
530355,1291.97
530357,57.35
526947,2930.4
530363,558.0
530365,440.02
530367,2786.52
526987,800.27
530369,22.53
530393,100.03
530377,506.15
530405,29.41
530407,42.51
530419,49.48
530421,10.87
530427,40.85
530429,13.54
530433,39.66
530443,4.11
530445,15.7
530449,131.48
530457,286.36
530461,68.2
530469,12.72
530475,1691.68
530477,479.78
530495,236.53
530499,758.97
530517,12310.01
530521,290.97
530525,109.41
530533,78.22
530545,103.19
530549,8829.05
530555,1837.82
530557,70.64
530565,24.86
530577,56.09
530579,351.56
530251,14.67
530581,4.39
530585,225.51
530601,83.93
530245,832.93
530617,89.55
530621,176.06
530627,401.13
530643,1184.43
530655,3782.04
530663,5.82
530665,23.11
530675,22.51
530677,286.45
530689,74.21
530695,61.74
530697,23.15
530705,57.94
530361,57.14
530711,57.97
530723,94.0
530733,3.66
530735,8.46
530741,105.7
530745,145.7
530747,42.0
530439,6.85
530787,49.1
530789,66.93
530797,12.6
530799,14.59
530803,878.78
530805,11.87
530809,19.4
530813,8709.26
530821,26.63
530825,91.2
530829,22.75
530839,7.44
530843,3581.2
530845,555.89
530853,26.41
530879,1467.42
530881,107.91
530883,54.49
530897,50.39
530615,100.32
530709,70.38
530759,1282.91
530871,301.24
530899,21.91
530909,45.54
530907,19.04
530929,33.11
530925,30.42
530931,7.05
530953,28.05
531003,18.29
530997,75.75
531017,12.5
531015,13.0
531025,30.36
531155,6.65
531178,31.02
531201,6131.95
531254,130.69
531253,260.36
531273,118.37
531337,29.49
531357,995.46
531358,14085.7
531359,938.27
531360,11.83
531364,325.47
531370,7.26
531398,97.52
531437,28.9
531486,7.52
531489,134.54
531494,235.64
531497,54.46
531499,1.73
531500,6058.73
531502,28.66
531540,139.78
531541,6.31
531543,4242.01
531548,2317.25
531550,237.23
531552,24.0
531568,4.24
531637,1266.39
531635,56.49
531716,4.34
531737,24.85
531758,21.21
531761,1897.82
531762,11.78
531768,22022.64
531771,714.69
531780,36.26
531795,1276.28
531797,22.07
531810,53.12
531812,6.22
531814,49.1
531821,27.21
531834,4.13
531832,57.99
531840,28.54
531841,45.0
531842,123.45
531869,54.13
531845,113.82
531878,12.37
531846,8.71
531847,1184.5
531859,1121.39
531861,75.35
531893,27.46
531902,9.52
531900,57.0
531909,17.55
531862,208.14
531867,4.61
531913,4.0
531918,104.77
531921,1381.65
531870,29.75
531929,4.52
531888,131.47
531930,39.02
531931,68.23
531944,5.91
531889,507.59
531959,145.9
531892,37.25
531962,20.78
531968,30.27
531910,489.61
531978,939.84
531911,13.49
531923,78.5
531982,59.76
531989,5.85
531991,12.03
531925,5.89
531996,105.14
531997,194.41
532001,28.94
532005,70.74
531950,33.16
532011,460.14
532016,732.7
532022,550.05
532039,370.46
532041,9.64
532042,21.15
532051,887.39
531952,73.69
532053,109.27
532056,38.84
532057,119.73
532067,1381.38
532070,164.14
532090,206.27
532100,10.76
531960,38.13
532092,22.66
532102,217.97
532123,69.21
532124,30.98
532131,37.47
532134,126362.23
532140,49.24
532143,819.65
532141,618.75
532145,22.91
532144,23884.75
532149,52697.13
532150,4535.98
532154,48.4
532155,121474.97
532156,4003.32
532159,86.69
531977,84.04
532160,137.59
532162,6677.84
532164,10.7
532172,59.32
532163,9312.7
532174,1021532.27
532175,14502.33
532173,522.99
532178,13882.45
532180,1169.89
532183,76.21
532187,68642.61
532181,12133.29
532210,16161.39
532209,12377.29
532189,5178.33
532212,70.23
532217,13.16
532216,65.31
532218,8013.85
532221,12227.92
532230,126.53
532219,104.55
532240,1762.89
532234,34978.65
532256,3698.76
532259,36306.53
532268,2091.02
532271,97.14
532262,121.27
532284,48.38
532281,425244.89
532275,143.2
532286,96291.22
532290,79.4
532300,29725.53
532296,62844.71
532303,2.91
532304,26.72
532305,649.53
532309,2076.66
532310,569.24
532315,15.55
532313,7693.2
531980,19.41
532323,1149.03
532324,102.52
531979,43.21
532326,209.88
532331,33731.26
532329,453.39
532332,6.86
532334,187.65
532320,315.63
532335,49.8
532340,2.81
532339,168.69
532341,621.04
532343,137065.01
532344,339.56
532345,1019.53
532349,9356.69
532348,801.42
532350,6.31
532351,139.76
532355,37.05
532354,6.36
532356,7965.7
532359,6.22
532362,157.67
532357,189.63
532365,1366.89
532369,2454.53
532370,1470.05
532366,1791.82
532372,290.9
532371,12603.42
532373,106.11
532374,5562.46
532376,155.25
532378,4.58
532375,8347.4
532379,6.06
532380,46.67
532015,5.54
532387,45.6
532384,145.19
532029,5109.95
532388,75158.47
532390,2641.3
532392,16.49
532395,5906.11
532398,15.69
532397,10.64
532404,48.72
532402,60.66
532400,11938.2
532406,4118.83
532407,3383.82
532408,752.45
532413,96.34
532410,80.75
532416,43.28
532419,154.61
532425,36.58
532430,3145.62
532432,99727.08
532435,167.96
532440,4980.53
532439,10071.31
532443,8392.04
532454,1103186.32
532456,21.1
532321,97317.92
532333,102.31
532382,1126.53
532386,110.67
532455,89.27
532457,1053.75
532460,286.16
532461,128950.82
532466,76286.68
532467,982.82
532468,9902.99
532475,838.99
532477,111755.99
532493,9441.81
532497,36803.53
532478,52087.81
532482,11932.0
532505,40063.89
532483,104267.14
532485,1810.41
532486,3171.86
532513,802.62
532514,30835.04
532515,1014.07
532521,66.46
532522,46875.0
532523,52168.32
532524,5656.72
532488,180214.67
532527,12051.21
532525,43995.69
532528,4413.77
532529,962.23
532531,8344.87
532538,368344.54
532539,63522.02
532540,1176891.51
532541,63355.33
532500,394102.05
532543,231.77
532548,16257.51
532555,331771.43
532605,15240.87
532604,146.4
532610,890.37
532612,3061.25
532613,377.55
532614,17.67
532616,1070.48
532624,887.35
532504,25168.79
532627,16804.68
532626,2728.06
532630,6744.72
532636,22298.23
532628,403.37
532637,136.66
532638,6012.53
532641,541.99
532640,27.14
532642,24086.19
532644,50029.96
532503,898.51
532507,146.06
532645,4.67
532650,1886.3
532651,123.28
532652,7296.68
532654,367.89
532656,69.42
532661,2392.82
532662,495.06
532663,2177.58
532666,468.42
532667,92015.16
532668,9021.61
532670,6906.95
532674,263.5
532673,261.65
532676,18.04
532683,31687.4
532684,1568.66
532686,1958.0
532687,812.86
532689,9721.31
532694,424.88
532695,87.67
532698,2182.18
532699,1101.12
532700,712.43
532701,30.43
532702,18263.52
532705,1572.33
532708,661.69
532707,414.67
532713,464.04
532714,23383.01
532710,231.79
532717,1991.3
532716,289.62
532719,1553.73
532720,36952.38
532723,38.0
532722,3422.82
532725,139047.02
532726,14085.98
532508,56753.61
532728,71.65
532729,1118.02
532730,41.21
532734,12622.22
532733,22427.36
532735,5310.54
532737,662.54
532738,433.54
532740,393.88
532741,855.97
532742,1763.55
532744,9.98
532745,16.53
532748,5332.47
532749,3488.88
532754,97110.9
532755,154558.17
532509,6399.93
532757,9866.11
532759,285.58
532761,74.31
532762,13930.35
532764,776.14
532766,3.89
532767,148.07
532768,5187.34
532772,4687.38
532771,109.06
532773,357.14
532774,419.34
532776,396.59
532775,2190.63
532777,91016.65
532779,70178.65
532780,1042.69
532782,793.26
532783,17043.17
532784,17663.36
532553,7295.79
532785,416.64
532790,8706.38
532795,43.6
532794,905.62
532797,339.1
532799,4059.88
532796,7848.36
532801,91.85
532804,6926.54
532805,24180.28
532806,162.47
532807,315.97
532808,7303.82
532810,140435.83
532633,1464.86
532812,100.18
532809,25130.0
532814,85336.9
532815,2165.33
532817,93.06
532820,148.91
532648,64208.77
532822,83099.11
532649,403.67
532827,54713.38
532826,238.28
532829,501.72
532830,40413.41
532828,104.52
532832,16021.4
532835,6768.22
532839,1110.28
532842,1167.47
532843,60324.93
532845,34.85
532847,155.4
532848,2443.41
532850,1286.28
532851,2922.59
532853,516.4
532855,105.97
532856,10384.27
532859,2622.58
532864,1220.63
532867,6586.68
532868,206354.36
532869,142.6
532870,28.5
532872,5266.99
532875,1030.39
532879,134.53
532878,219.14
532880,1936.92
532884,5860.29
532886,115.97
532885,34684.97
532889,40410.96
532890,145.42
532888,924.47
532891,6863.11
532892,56548.85
532893,1174.34
532894,252.32
532896,166.69
532895,34.38
532898,277530.02
532756,16407.42
532900,2774.01
532899,5932.47
532906,643.61
532904,314.16
532907,472.04
532911,63.79
532915,8846.64
532916,83.17
532918,54.8
532921,312140.08
532922,10765.18
532924,3518.24
532923,1266.0
532925,30.85
532926,12847.0
532927,16963.29
532929,26670.72
532928,15371.49
532930,727.75
532932,484.76
532933,72.78
532798,8613.61
532934,323.8
532935,487.6
532939,26683.99
532940,5581.47
532941,251.45
532942,6161.85
532945,2651.74
532944,552.87
532946,78.38
532951,86.19
532947,29337.46
532953,17265.37
532952,548.35
532957,64.6
532955,105658.11
532960,3948.16
532966,12688.96
532825,16.08
532974,998.24
532967,3170.02
532977,231929.03
532976,11115.78
532978,325546.45
532980,422.21
532983,4228.94
532989,208.18
532986,279.06
532985,19.52
532992,178.32
532834,5523.94
532998,163.58
533007,256.54
533012,114.02
533014,284.16
532841,332.49
533019,5.64
533022,795.0
533023,24987.33
532902,829.63
532937,1126.14
532975,43.03
532993,492.83
533001,180.76
532994,202.72
533018,13.42
533090,149.53
533029,99.74
533095,9326.59
533033,8823.91
533098,88496.76
533101,43.96
533047,4033.07
533048,101.95
533056,89.09
533080,2352.44
533088,7136.25
533121,1934.69
533122,8414.96
533093,79.96
533096,234540.46
533104,2988.39
533148,92422.0
533106,72497.91
533150,68428.01
533107,1614.44
533108,318.6
533110,6.82
533137,1864.51
533138,2077.16
533146,1901.82
533149,15.56
533151,4854.8
533156,1258.38
533152,530.43
533164,191.23
533155,45582.11
533168,268.14
533158,5950.65
533160,12967.87
533177,119.41
533161,202.66
533181,176.17
533162,2791.45
533192,397.75
533163,100.5
533202,57.9
533170,170.82
533166,102.83
533169,6830.27
533172,98.44
533179,87298.57
533217,663.19
533189,29.16
533203,54.78
533206,38846.03
533239,107.63
533208,609.23
533210,545.38
533252,431.5
533259,920.6
533260,309.28
533212,38.33
533218,474.06
533227,273.55
533269,9130.18
533270,486.38
533230,12.96
533272,15721.29
533248,7701.2
533244,39.51
533275,236.36
533278,238251.08
533263,1775.97
533284,673.8
533262,4325.55
533285,835.83
533267,2353.16
533287,296.32
533268,7.18
533271,5830.62
533273,66142.88
533274,74244.97
533282,12730.11
533286,7617.47
533289,109.21
533292,354.71
533293,13309.69
533295,22819.4
533316,758.89
533296,101.34
533298,165.19
533301,85.66
533336,906.86
533339,16595.82
533343,148.07
533344,2755.4
533302,2209.59
533303,1868.5
533306,2275.58
533315,275.48
533326,6391.48
533451,79.69
533329,175.51
533470,804.23
533333,3103.84
533482,43.5
533385,88.83
533519,51278.02
533407,218.76
533398,106513.6
533408,1.97
533427,93.95
533452,267.07
533506,176.4
533520,152.77
533540,31.73
533543,453.64
533552,1825.88
533553,7757.64
533570,6.31
533573,20256.81
533576,184.22
533581,22920.44
533602,38.04
533608,284.32
533629,24.68
533632,18.3
533638,112.68
533655,20983.06
533704,594.02
533676,2374.47
533719,27.34
533761,1566.29
533896,132.2
533982,371.1
534063,55.51
534060,156.66
534064,127.57
534091,42435.49
534076,9891.42
534139,20769.77
534190,4.89
534309,31023.0
534532,23.03
534312,17.26
534328,1006.83
534598,124.31
534600,3173.24
534612,47.61
534615,222.11
534618,11986.27
534623,48.28
534338,20.07
534674,204.7
534675,637.42
534680,479.04
534369,1308.25
534392,2128.74
534708,14.67
534733,378.64
534741,21.18
534742,864.71
534748,1303.02
534755,4.82
534758,4863.51
534804,5525.32
534809,11414.85
534816,107637.04
534976,6180.44
535136,2330.27
535204,7.59
535205,65.05
535267,78.76
535322,2701.4
535387,40.95
535431,16.72
535458,66.76
535514,5.96
535566,169.84
535601,575.1
535602,6075.17
535621,268.98
535648,8003.55
535657,11.56
535667,415.98
535693,191.0
535719,72.76
534425,632.61
535755,9399.71
534597,8570.07
535789,10300.63
534535,3242.64
535910,15.66
535958,230.62
536073,31.78
536264,571.55
536493,181.91
536507,40.56
536565,48.75
536659,28.14
534639,12.32
536672,9.01
536773,910.33
536846,20.66
534691,27.44
536974,437.86
537069,59.94
534732,90.01
537253,82.69
537254,10.19
537259,918.86
537291,387.21
537292,86.28
537326,211.57
537536,137.86
537669,250.67
537709,9.97
537750,636.81
537766,13.96
537785,401.66
537800,173.69
535730,32.45
535754,4865.29
535917,3.16
535916,272.17
536709,17.8
537820,35.63
538212,16.7
537839,387.02
537840,23.59
537985,26.48
538365,195.29
538081,8.79
538092,101.48
538119,830.54
538451,1089.17
538268,4044.02
538464,8.35
538273,29.48
538476,283.53
538521,24.03
538537,26.06
538539,58.27
538319,9.0
538540,23.74
538351,8.63
538542,4.29
538556,39.44
538401,77.67
538563,40.11
538564,146.54
538567,6063.71
538568,12.62
538422,15.12
538446,586.88
538452,23.8
538597,25.07
538465,3.68
538546,162.75
538609,22.57
538610,69.53
538611,76.16
538565,72.69
538635,986.32
538646,33.51
538562,5544.9
538569,9.79
538685,369.51
538596,12.93
538598,751.68
538607,72.8
538634,66.41
538668,1201.54
538666,7186.51
538706,138.45
538707,13.94
538713,144.62
538716,396.86
538715,417.11
538714,175.31
538730,5479.03
538732,104.25
538734,2637.8
538742,19.23
538770,13.67
538772,648.87
538786,45.08
538835,16243.8
538778,53.3
538787,13.51
538788,16.7
538795,177.01
538817,251.82
538833,78.66
538868,44.39
538862,60.75
538875,171.14
538874,8.76
538881,7.25
538882,312.83
538890,270.7
538891,4762.82
538894,10.8
538895,20.57
538902,210.52
538918,12.5
538896,190.87
538919,9.92
538920,1823.33
538922,20.25
538923,196.49
538926,210.15
538928,20.5
538935,24.15
538943,148.42
538942,279.57
538952,6.9
538961,506.02
538962,12414.2
538964,106.19
538965,64.6
538970,340.47
538975,23.94
538987,295.07
538979,6233.26
538992,705.04
539006,21859.29
539012,32.98
539011,44.53
539013,49.55
539014,4.63
539016,15.19
538836,1236.25
538834,76.26
539041,98.62
538838,22.07
539042,2554.64
539044,421.12
539046,1227.04
539056,3821.13
539083,21473.49
539090,12.65
538860,7.88
539097,34.49
539110,9.59
539111,10.54
539112,259.48
539113,243.2
539115,60.44
539017,266.5
539018,975.25
539120,18.72
539121,81.02
539122,23.56
539123,14.41
539032,7.66
539132,104.91
539045,171.7
539148,839.97
539141,292.35
539150,7850.1
539149,14.2
539151,433.28
539167,95.25
539174,20.63
539175,101.91
539176,50.02
539177,46631.82
539189,21.91
539190,18.48
539195,640.96
539196,197.57
539199,2257.32
539201,896.4
539206,14.96
539216,119.05
539217,72.16
539219,243.49
539220,50.26
539091,20.82
539221,1562.99
539226,338.16
539227,357.58
539228,16.87
539246,19.97
539251,69.79
539254,105694.85
539252,177.96
539255,217.54
539267,26.55
539268,26410.66
539275,191.05
539276,556.58
539096,6.3
539278,8.35
539277,357.66
539288,6.59
539289,1330.1
539290,1185.94
539291,19.5
539300,668.97
539301,3062.97
539302,10314.34
539309,1869.92
539310,44.09
539314,96.75
539332,1725.7
539331,242.0
539117,34.61
539334,1158.5
539337,319.28
539353,129.93
539354,35.11
539124,18.19
539118,5460.66
539143,20.15
539222,82.2
539287,9.43
539346,172.59
539336,31944.74
539359,323.7
539402,7.44
539404,1788.52
539391,104.62
539398,92.75
539409,19.86
539399,596.41
539400,789.27
539436,765.58
539437,53489.24
539401,135.99
539406,7.68
539450,3229.36
539455,24.97
539405,4.13
539469,1390.4
539407,231.88
539408,6.02
539428,39.41
539435,26.0
539448,229091.51
539506,12.89
539515,227.14
539449,13.47
539518,357.99
539519,32.99
539522,56.19
539523,58986.79
539524,24895.99
539526,24.48
539527,82.42
539528,1226.53
539533,17270.19
539470,33.09
539479,363.04
539545,73.41
539492,14.44
539494,41.22
539495,3.65
539562,188.64
539544,4.02
539542,4422.49
539593,4.19
539594,741.4
539546,204.73
539551,40544.16
539552,96.52
539559,21.91
539561,106.72
539621,8.86
539584,22.57
539574,156.88
539596,7.73
539598,120.88
539599,23.7
539620,191.82
539607,1483.79
539636,1968.11
539678,2051.49
539659,102.14
539658,3270.94
539686,3468.13
539692,13.17
539697,53.56
539661,18.87
539660,964.59
539730,455.69
539742,71.17
539760,84.98
539662,12.99
539673,3.95
539669,9.0
539679,57.11
539682,1682.78
539725,4666.8
539761,175.18
539762,55.19
539767,7.36
539770,12.97
539773,94.93
539787,7944.58
539798,25.93
539799,1506.8
539800,5.46
539807,5715.77
539814,95.26
539834,349.12
539837,3235.19
539835,4.62
539841,362.07
539843,840.94
539871,6165.9
539854,290.82
539872,1688.44
539875,135.94
539917,370.8
539876,22644.31
539883,5877.04
539884,12.86
539946,15.66
539889,2837.56
539894,395.48
539895,2404.38
539900,16.6
539921,1413.26
539927,338.8
539979,102.2
539992,11544.59
540047,7295.4
540048,2017.45
540061,873.95
540062,193.54
540063,16.96
540065,16039.78
540108,10.43
540072,24.12
540132,8.37
540078,166.57
540073,15819.09
540136,4025.85
540143,95.92
540145,1140.63
540168,90.63
540173,28608.23
540079,58.34
540080,80.3
540081,6.66
540083,32.55
540124,1415.86
540135,82.79
540147,43.68
540174,12.17
540175,167.89
540180,158848.64
540360,296.24
540361,39.13
540376,261965.61
540386,6.48
540393,165.65
540395,191.63
540181,49.99
540403,526.24
540404,228.23
540405,55.07
540190,123.39
540203,7454.84
540254,32.4
540358,886.36
540359,15.71
540396,298.35
540425,2519.87
540455,116.15
540492,178.97
540481,7.8
540565,12979.88
540570,295.37
540575,8548.42
540497,807.04
540595,11537.73
540515,3.93
540597,38.79
540602,1302.32
540611,60368.08
540526,3564.85
540614,96.65
540615,44.14
540642,1324.43
540647,165.31
540648,125.54
540649,1021.04
540650,931.6
540654,54.89
540530,46724.35
540673,5432.11
540678,50623.32
540679,345.8
540680,17794.95
540686,142.62
540692,754.84
540693,295.64
540694,42.24
540544,3288.29
540696,14.11
540699,95664.8
540700,172.1
540702,61.37
540701,4004.24
540704,1149.98
540710,2690.83
540545,28.09
540717,1986.3
540550,33.39
540718,1185.41
540590,73.62
540596,23886.97
540691,70654.09
540709,262.63
540716,99389.49
540719,182909.07
540724,2608.17
540725,3895.09
540726,253.86
540727,28.87
540730,519.16
540735,805.5
540737,764.13
540738,91.41
540743,14900.65
540749,5723.04
540750,18777.7
540755,67632.12
540756,11.17
540776,1256.95
540777,163110.32
540782,14.06
540786,72.22
540788,54.04
540789,58.97
540795,2291.61
540796,273.04
540797,2076.49
540798,12.16
540809,46.4
540757,320.3
540821,25.57
540824,76.17
540829,99.95
540850,58.88
540879,5558.19
540874,166.97
540901,240.38
540900,15289.15
540762,56720.8
540768,2753.26
540923,42.72
540935,9174.09
540902,26545.24
540937,329.86
540767,53744.65
540952,213.5
540954,263.06
540961,66.26
540975,31038.04
540980,1229.46
541005,35.36
541083,200.98
541096,1084.38
541112,39.58
541143,66683.22
540775,530.95
541152,114.76
540914,34.58
540956,288.98
540953,41.71
540936,19.32
540955,20.18
541195,8087.47
541019,7053.8
541228,301.4
541233,12184.75
541269,1072.11
541153,29013.6
541144,229.35
541154,327392.11
541302,131.12
541163,3144.96
541161,229.51
541303,44.89
541167,2372.53
541337,7.33
541338,18.02
541347,116.78
541206,110.68
541353,381.13
541358,529.45
541400,556.94
541402,552.08
541403,2323.38
541276,683.32
541444,26.35
541445,97.05
541450,163480.07
541503,38.26
541540,3333.39
541546,42.9
541556,13440.08
541557,16710.3
541578,8749.31
541601,114.22
541301,4754.86
541627,3.58
541703,7.75
541336,4311.35
541741,631.86
541735,37.36
541304,312.71
541770,20717.51
541778,132.48
541771,23.97
541890,7.65
541929,845.23
541956,18072.01
541352,305.95
541974,9586.83
541418,51.74
542011,30634.64
542012,760.9
541702,33.23
541634,23.62
542020,124.21
542025,7.76
541729,113123.93
542034,22.11
542046,67.87
542066,71234.7
542123,53.05
542141,18280.55
542146,72.6
542155,3.16
542176,6.33
542206,36.45
542216,40921.09
542231,601.86
542232,507.64
542233,339.25
542248,48.23
542285,313.0
542323,10653.46
542333,3004.25
542337,550.71
541865,30.18
542367,134.43
541967,4783.11
542383,861.72
542437,98.92
541988,15450.64
542459,108.0
542460,5828.9
542484,6100.8
542579,215.99
542592,57.62
542013,200.8
542597,3781.54
542602,37016.2
542628,341.97
542649,79897.97
542650,9693.69
542019,37.82
542057,150.48
542351,762.14
542399,19616.07
542446,27.8
542580,224.36
542651,35418.01
542652,104546.85
542627,13.34
542654,15.34
542655,475.56
542665,4243.62
542666,14.65
542668,95.11
542678,9.9
542669,1198.14
542670,629.6
542679,223.07
542682,20.63
542684,927.91
542694,243.59
542685,257.54
542721,540.45
542725,750.48
542726,16291.82
542727,2341.13
542729,342.36
542752,27609.5
542759,2272.49
542760,7776.53
542765,10.96
542770,754.23
542772,48411.63
542774,1533.86
542773,10223.18
542802,36.36
542812,37862.55
542865,20.82
542830,61900.0
542850,24.17
542851,195.56
542857,3559.26
542862,160.21
542852,213.25
542910,100.35
542918,15.39
542919,3520.41
542920,28199.24
542866,897.19
542867,7464.23
542904,9603.19
542905,2234.61
542906,23.06
542907,3938.74
542923,7.56
542933,309.08
543064,40376.14
543065,40.45
543066,85066.58
543171,12.26
543172,86.25
543187,82107.64
543193,387.37
543208,183.78
543207,30.66
543209,11.7
543210,462.81
543211,57.17
543212,4076.7
543213,4112.35
543214,2711.17
543217,25425.5
543218,766.5
543220,122636.32
543223,959.44
543225,44949.15
543227,9516.41
543228,6315.19
543230,2269.72
543229,146.25
543231,51.49
543232,21027.27
543233,712.1
543234,150.64
543235,24208.77
543236,122.88
543238,18393.33
543237,125650.85
543240,1113.28
543241,220.59
543242,3863.18
543252,1258.47
543243,7229.52
543244,130.55
543245,31239.47
543248,4876.05
543249,5952.09
543251,290.38
543261,18732.15
543254,1841.43
543256,23.25
543257,176816.89
543258,5727.84
543259,14728.71
543260,1968.51
543263,1729.83
543262,129.86
543265,13386.34
543264,283.9
543267,333.06
543266,1584.13
543268,253.35
543270,4721.44
543271,13119.19
543272,3749.64
543273,1881.05
543274,6.58
543275,12813.05
543276,14618.22
543277,5441.59
543278,60665.12
543279,1466.2
543280,12017.45
543281,120.85
543283,1211.89
543284,348.91
543285,173.38
543286,9.79
543287,142989.74
543290,8334.68
543288,3031.04
543298,28.12
543299,24267.72
543300,28366.02
543308,28603.93
543306,8728.23
543311,2465.07
543318,15313.64
543317,12431.61
543320,257181.84
543321,2172.65
543324,650.88
543325,4143.28
543327,396.85
543328,2625.1
543329,1940.89
543331,2587.14
543332,7621.13
543334,13048.7
543335,17285.45
543336,6695.94
543341,21.22
543346,229.2
543349,9734.62
543363,682.13
543358,8521.7
543364,333.7
543366,3.0
543373,525.33
543375,74.23
543376,146.04
543378,590.24
543386,2383.38
543384,61709.25
543387,3923.22
543390,85488.45
543396,63111.53
543397,10714.91
543398,8927.23
543399,2048.44
543401,4828.4
543400,4.59
543411,1991.47
543412,25172.81
543413,12351.32
543415,20378.24
543419,1648.16
543417,5595.69
543420,64.78
543425,9795.61
543426,32129.68
543427,10901.44
543434,5824.14
543458,34214.04
543463,19394.65
543441,8568.2
543449,2111.3
543470,533.02
543482,11059.79
543451,75.13
543453,80.4
543500,11.4
543514,2028.39
543515,314.63
543516,23.41
543519,12.76
543490,8638.8
543497,382.24
543524,15489.68
543525,901.18
543526,585062.29
543512,203.26
543513,174.46
543523,8737.57
543521,11.94
543529,31157.33
500012,443.47
500031,7803.23
500014,27.5
500023,728.82
500008,18053.62
500009,274.5
500027,21902.75
500003,26337.29
500016,31.59
500034,576810.33
500033,21837.47
500052,2840.72
500058,168.23
500039,9645.01
500041,4693.92
500087,120427.63
500086,32844.0
500043,16181.62
500067,38730.63
500136,1208.6
500207,1305.3
500209,658369.13
501242,19.31
504092,917.66
500296,973.4
502958,656.22
504273,160.48
502933,42.54
504084,418.78
504340,7.56
504286,102.0
504605,680.39
504614,15638.69
504380,128.27
504646,107.23
504341,2290.85
504346,3427.46
504392,20.91
504648,31.67
504731,494.75
504786,521.65
504903,264.53
504882,5052.7
504840,160.19
504746,42.07
504879,480.95
504908,169.48
504918,7672.35
504959,521.11
505250,41.42
505255,6010.78
504988,81.36
504973,38902.8
505163,1162.83
505200,153348.14
505368,170.64
505526,1723.92
505533,12281.53
505010,2733.25
505036,1048.83
505192,4619.2
505750,502.58
506003,62.09
506074,67.71
505212,29.42
505343,49.92
505336,95.3
505509,6429.27
505400,1294.02
505358,854.89
505590,41.62
505681,241.47
505537,13759.44
506261,555.54
506260,1064.38
506401,26943.08
506180,393.94
506528,412.5
506365,18.34
506248,1398.61
506285,28596.43
506235,3078.81
506390,1366.21
506184,41.95
506405,746.95
506197,1628.08
506532,840.23
506414,1136.18
506543,6.53
506642,245.74
506579,231.12
506605,90.68
507514,2978.34
507526,2097.01
507552,798.02
507155,902.04
506590,15864.75
507438,673.5
507808,11.01
507205,6831.93
507817,77.16
506979,86.13
507828,84.05
507872,80.71
507486,19.55
507498,122.5
507474,100.02
507813,69.31
507852,100.54
507912,668.09
507794,977.85
509020,183.63
507789,1637.88
509026,156.64
507785,197.11
509040,43.01
507815,35830.22
509051,126.7
507962,66.42
507960,105.07
509073,13.19
508905,64.5
509152,1372.32
509015,10.56
508922,23.08
509024,11.82
509423,58.44
508941,255.05
509053,81.34
509048,168.11
509046,30.62
509480,65418.36
509055,751.72
509438,1288.14
509079,3710.27
509557,9174.15
509567,451.7
509563,18.56
509470,374.46
509675,1790.06
509162,362.38
509243,2446.16
509715,327.76
509486,183.49
509760,12.66
509874,817.27
509930,53904.49
509525,654.6
509449,11.05
509472,120.22
509945,176.21
510245,51.75
509960,983.72
511012,110.4
511018,262.03
511034,1767.7
511066,318.68
511092,19.97
511076,1230.93
511108,272.54
511110,11.56
511122,16.2
511116,26.94
511131,29.69
511147,87.13
511169,28.41
511187,10.95
511194,63.67
511196,10612.38
511208,282.32
511218,128738.23
511243,131000.77
511260,174.46
511377,15.02
511391,64.7
511401,13.51
511411,72.57
511451,5.27
511463,11.07
511501,21.63
511509,57.98
511533,27.75
511557,261.63
511559,159.22
511571,192.95
511577,59.23
511585,3.24
511634,2.26
511654,69.72
511672,211.85
511676,1087.79
511734,10.34
512018,126.63
512025,943.45
512068,2232.2
512097,8.18
512099,205.7
512131,187.04
512247,35.37
512257,36.45
512296,281.27
512399,227.18
512437,198.54
512441,28.01
512453,959.26
512477,59.85
512553,131.56
512624,19.34
512626,577.55
512634,175.1
513023,17098.94
509546,317.62
509635,704.11
513108,888.25
513117,14.46
513121,709.23
509692,184.12
513173,22.39
509709,675.74
509895,30.67
509835,9.1
511000,26.11
513375,18759.59
511153,74.37
513403,6.35
513452,4.31
513456,136.89
513460,4.63
513472,279.04
513488,10.48
513496,136.0
513498,45.78
513502,122.07
513507,107.09
513509,266.9
513511,465.51
513513,5.67
513519,3601.0
513528,26.76
513532,615.16
513544,18.44
513548,145.88
513554,609.88
513566,53.52
513575,19.63
513599,25340.86
513629,62.32
513642,36.62
513683,31802.51
513693,132.76
513699,18.77
513709,152.67
513713,18.06
513721,5.37
513729,62.26
513228,3382.75
513097,3196.17
513149,44.09
513295,25.25
513250,2344.69
513309,5.8
514142,363.7
514010,524.61
514028,26.67
515085,81.38
514036,171.32
514060,67.27
514087,50.9
514140,12.0
514113,24.16
514162,13313.04
514272,116.43
516016,313.83
516082,595.75
517273,550.06
519463,23.53
517380,1872.92
519014,5.34
523207,1199.13
523369,1512.79
523242,18.94
519471,229.94
524210,26.18
524288,84.62
524202,125.76
524218,128.89
524534,57.39
526025,159.11
524669,1600.78
526143,10.96
526095,40.97
526159,552.92
526173,1504.5
526187,5.59
519612,35.42
526301,40.93
526299,54838.46
526355,47.97
526367,8386.24
526415,315.58
526471,89.34
526492,120.87
526371,59793.15
526703,210.9
526628,30.06
526871,29.39
526931,77.64
526951,2875.49
530131,1952.91
530169,44.8
530199,1148.66
530289,28.38
530401,29.39
530459,22.28
530589,164.62
530595,10.01
530699,1499.75
530755,5.5
530919,475.75
530951,75.76
530943,3082.19
530959,44.12
530961,424.49
530965,213724.94
530977,264.44
530973,39.0
530991,45.62
530979,50.27
531027,10.39
531035,1031.27
531041,268.75
521068,20.73
531043,8.2
531049,8.11
531051,5.41
531067,44.39
531069,283.98
531080,111.3
531082,455.27
531083,5.67
531091,16.48
531092,1238.47
531099,18.15
531109,123.75
531111,42.85
531112,7701.83
531119,198.97
531120,3379.19
521109,86.31
531126,103.34
531129,35.92
531137,16.07
531144,48.51
531146,523.05
531147,1568.34
531153,54.84
531156,28.09
531157,19.08
531158,12.47
531161,328.34
531162,25550.07
521137,54.92
522229,1211.28
531168,65.03
531173,197.37
531169,91.31
531176,66.04
531179,1731.97
531199,40.16
531190,39.99
531205,312.88
531209,2998.06
531212,35.36
531210,11.16
531215,153.57
531213,22794.49
531216,290.18
531219,6.03
531223,75.14
523722,14.07
531227,34.33
531228,13.83
531233,60.27
524518,181.43
531237,69.9
531241,861.11
531246,24.43
526407,679.76
531257,11.86
531255,25.37
531262,34.57
531266,3875.03
531268,34.72
531278,63.78
531279,288.81
531280,9.66
531281,382.84
531283,5.76
531286,21.36
531287,162.29
531288,5.16
531289,157.77
530999,5772.89
531297,53.88
531300,6.65
531301,40.08
531306,209.25
531307,186.19
531310,195.2
531314,6.78
531319,19.45
531322,33.32
531065,45.78
531324,30.71
531328,135.47
531340,36.77
531341,10.43
531344,47231.74
531346,17.79
531352,8.06
531349,2666.24
531380,60.2
531373,422.36
531381,1319.65
531387,8.23
531390,257.01
531395,77.2
531396,3.82
531397,13.19
531399,236.06
531400,393.31
531402,29.7
531411,18.84
531412,237.26
531416,28.31
531417,52.8
531426,1180.04
531431,11576.58
531432,6.32
531433,5.8
531436,13.28
531439,375.24
531441,8.76
531444,7.71
531449,2338.5
531453,44.79
531454,57.51
531456,8.94
531458,5.08
531460,5.53
531465,9.09
531471,16.43
531472,23.06
531508,2807.91
531503,31.41
531509,16.99
531512,58.7
531525,323.91
531529,84.3
531518,19.56
531531,21049.71
531127,80.38
531537,568.5
531553,13.7
531569,263.77
531578,11.79
531582,13.55
531583,15.64
531591,62.04
531585,8.34
531592,114.07
531594,4.45
531599,8242.26
531595,16992.09
531608,39.47
531609,136.66
531613,18.59
531616,28.5
531624,53.23
531626,18.51
531633,1112.45
531638,681.31
531642,95949.31
531644,19.46
531651,29.9
531652,465.38
531658,340.04
531661,9.38
531663,99.72
531668,7.15
531667,30.28
531671,83.75
531672,13.58
531673,42.9
531677,82.72
531680,10.96
531688,132.98
531681,5.22
531163,76.03
531694,513.5
531692,3.67
531717,1971.33
531726,188.22
531719,3941.94
531727,309.98
531739,322.75
531746,157.29
531752,84.84
531778,26.09
531779,10.37
531784,23.99
531802,87.79
531822,71.75
532113,6.79
532215,361414.24
532285,2296.38
532424,129891.32
532481,77.83
531225,465.73
532811,7479.16
533193,918.51
533229,3199.74
533294,71.98
533477,937.21
533758,47771.69
533941,472.96
534422,8.73
531234,139.93
531260,508.09
531259,9.37
538708,17.18
538837,63.92
538857,6.95
539040,73.77
539126,33.2
539378,24.75
539724,19.74
539938,38.86
539939,54.03
539785,1198.74
539956,1067.49
539957,14568.73
539963,142.71
539984,309.73
539985,63.24
539986,523.17
539991,188.0
539997,1239.44
540006,77.69
540005,155673.88
540023,28.39
540025,3661.87
540026,14.61
540097,210.07
540115,46070.79
540133,96850.36
540125,1009.73
540134,4.8
540153,38022.57
531335,12862.6
540159,3.02
540198,157.06
540199,25.11
540204,73.9
540205,4681.41
540210,21.69
540212,2881.0
540222,44627.8
540243,16.64
540252,67.02
540259,25.46
540266,20.86
540267,8.17
540268,229.17
540269,12.95
540293,5585.22
540310,12.81
540311,936.64
540366,321.83
540377,115.49
540401,153.45
540519,75.18
540613,68.48
540703,20.04
540774,2050.28
540769,30504.48
531539,21.25
542803,15.02
543253,8965.66
543322,12933.7
543330,21565.06
543333,9042.87
543350,10456.12
543374,24927.82
543367,6514.68
531723,90.42
543389,1600.69
543416,713.07
543428,16078.04
543433,474.9
543442,382.13
531744,55.28
543462,253.28
543464,166.02
532054,3422.09
543498,28622.25
543499,90.22
543517,1386.41
543520,26.19
543527,11333.84
543528,3330.63
543530,14162.73
543531,299.57
543532,7344.72
543533,6233.69
543534,10890.3
543535,45.92
543538,35.06
543539,532.88
543542,1616.22
543544,79.54
543545,12.45
543547,3120.34
532732,3375.21
543573,12394.45
543578,93.91
543590,1345.92
543591,870.43
543593,650.8
543594,59.92
543595,18.66
543596,7102.06
543597,1085.41
543600,3719.61
543599,815.34
543606,26.86
543614,241.45
543613,5.79
543616,307.03
543615,194.13
543622,129.37
543619,1115.18
543626,5411.49
543636,394.17
543635,28758.28
543638,647.82
543643,72.61
543644,916.27
543645,163.76
543650,3061.46
543652,3146.02
543653,18144.17
543654,35607.97
543657,8619.57
543663,22043.43
543664,39990.79
543667,5668.57
543669,8331.82
540192,171.13
543391,319.11
543489,3294.15
543620,5559.25
543637,53.07
543668,380.89
543671,119.35
543678,121.69
543686,2265.52
543687,1172.26
543688,878.98
543709,903.46
543711,2527.27
543712,1281.69
543713,200.26
543714,2217.07
543748,8556.81
543754,22.1
543766,1466.9
543720,22368.92
543768,11458.67
543782,524.9
543787,687.43
543804,5.25
543732,651.67
543805,179.63
543806,295.99
543811,371.93
543725,942.28
543812,1900.73
543814,34.04
543828,692.38
543829,471.92
543848,83.08
543860,120.7
543874,116.23
543861,200.01
543895,602.76
543896,5819.7
543898,877.24
543901,474.05
543904,109463.92
543902,89.72
543910,423.87
543912,219.27
543913,22053.86
543911,215.48
543914,32.24
543915,603.96
543916,180.16
543917,382.48
543918,881.68
543919,270.64
543920,1217.52
543921,64.23
543923,1620.96
543924,32.92
543927,15.69
543928,1476.87
543926,180.98
543929,1513.83
543930,559.46
543932,2429.85
543931,780.33
543737,316.98
543936,5662.55
543937,119.11
543933,3846.0
543938,34.97
543939,306.94
543940,204062.91
543941,31.59
543942,2607.51
543943,283.35
543945,11114.07
543952,4752.59
543950,5970.12
543953,1456.48
543955,826.03
543743,306.59
543954,791.22
543958,530.0
543959,12853.53
543960,19226.37
543962,352.02
543963,50.81
543969,647.96
543965,5964.61
543970,31.62
543972,2779.09
543971,4900.62
543974,2217.42
543976,222.11
543977,1142.1
543979,16.05
543978,804.23
543982,368.91
543980,9702.79
543981,15608.73
543983,3412.37
543984,5451.63
543985,5584.87
543986,452.82
543989,2350.34
543988,27061.62
543990,17629.88
543991,138.06
543992,1341.48
543994,65110.55
543995,1079.04
543996,1889.76
543997,264.59
543998,500.54
544002,18.31
544001,496.53
544003,264.66
544004,1260.53
544008,8382.32
543745,21.9
544009,16684.77
544014,9737.62
544012,14092.47
544015,16.84
544020,1761.36
544021,3216.08
544023,373.75
543746,389.77
544022,10821.16
544028,29694.94
544027,4499.47
544029,1664.44
544030,3377.39
544036,162.42
544035,80.89
544037,1726.5
544042,2930.98
544044,10353.06
544045,14679.42
544046,11502.0
544047,309.73
544052,18.88
544053,2142.18
544054,1542.12
544055,2836.14
544057,8930.3
544058,1091.35
544059,116.53
544060,559.0
544066,4446.16
544067,5189.44
544074,100.61
544079,122.55
544061,9974.33
544080,383.87
544082,129.8
544081,23360.9
544083,44.48
544088,3971.65
544090,258.72
544091,314.3
544094,18.23
544095,3529.21
544100,511.08
544101,19.8
543747,314.36
544105,155.11
543767,149.81
544111,3448.13
544112,257.49
544119,2001.7
544118,5204.67
544120,1269.4
544121,78.46
544122,5427.74
544124,336.96
544129,7114.51
544131,1444.99
544134,1495.88
544133,2478.4
544135,892.8
544137,4991.92
544138,1977.33
544140,4442.16
544141,297.84
544142,2404.45
544143,106.54
544144,953.34
544149,922.08
544150,2716.75
544151,250.45
544157,59.56
544158,1107.63
544160,29.93
544161,3527.55
544162,88727.5
544163,153.01
544164,29.4
544166,192.68
543934,26.0
544167,1724.78
544168,21.58
544169,50.42
544170,23.03
544172,13844.82
544171,106.7
544173,11.01
544174,15240.3
544176,20643.8
544178,27.57
544177,111.52
544179,32614.8
544181,4531.48
544183,13.97
543957,7650.86
544184,1389.78
544185,81.98
544187,714.99
544189,112.2
544191,226.08
544192,6873.04
544195,47.93
544197,23.82
544198,2087.5
544199,158.53
544200,311.95
544202,1911.38
544201,58.43
544203,13737.96
544204,554.6
544205,397.86
544209,6396.88
544207,76.09
544210,25790.19
544214,93.24
544213,311.13
543993,207.2
544011,26.66
544219,474.42
544222,8775.5
544223,4931.74
544225,19469.4
544226,19782.38
544230,383.96
544232,3649.83
544233,31.65
544234,14.4
544235,1422.07
544236,15.39
544026,44821.28
544237,27.52
544239,1856.4
544240,7678.81
544243,2197.48
544244,1123.28
544246,292.95
544248,297.99
544249,367.4
544250,11804.69
544252,100987.9
544253,1256.97
544254,639.45
544256,8147.25
544257,158.32
544108,63.26
544117,1321.02
544258,1184.72
544260,4178.95
544261,3763.4
544263,5353.24
544264,1260.33
544265,81.32
544267,188.61
544269,21.81
544270,46.47
544136,881.84
544271,1329.57
544273,555.3
544274,174891.35
544276,657.02
544277,92520.99
544278,717.04
544279,1469.52
544280,15557.29
544281,1094.88
544282,21047.25
544283,17096.76
544285,96903.12
544286,16409.92
544287,73.21
544288,7965.78
544289,92647.49
544290,4732.29
544291,2432.26
544292,22778.17
544186,1019.51
544295,334.08
544296,822.36
544302,1234.41
544303,75.02
544304,86.79
544305,2106.59
544306,16906.09
544307,63884.09
544308,37.91
544309,27592.4
544221,13.88
544310,1600.15
544311,17225.89
544315,1197.69
544316,1781.29
544224,2010.37
544227,1343.45
544238,48336.54
544259,63.17
544262,711.64
544321,18286.31
544293,1659.03
544294,1814.14
544318,1133.8
544314,4554.87
544317,10489.42
544319,2891.47
544320,2507.72
544324,19.63
544322,6292.52
544325,47502.73
544336,1958.4
544338,2206.78
544339,2566.73
544328,904.33
544329,135.08
544342,797.06
544330,101.02
544331,10.74
544332,533.86
544333,3684.61
544346,415.23
544347,666.17
544348,43.45
544350,13697.56
544351,75.66
544334,87.63
544354,836.9
544337,13.11
544335,368.57
544361,32.07
544362,51545.37
544340,251.96
544365,62.62
544341,141.18
544368,19.56
544369,288.79
544344,10379.9
544371,32.72
544372,49.1
544345,825.56
544343,343.93
544349,91.39
544353,133.04
544379,4125.65
544355,2650.83
544383,211.15
544356,7912.95
544386,2536.38
544387,179.62
544364,1466.4
544367,5995.72
544370,65.72
544373,18.3
544392,42.38
544376,
544396,3762.8
544397,12773.5
544381,82.35
544400,48.79
544402,3599.32
544404,608.84
544405,10594.01
544388,66.95
544408,14550.54
544409,186.04
544390,108716.47
544411,1271.27
544412,71.0
544391,33.39
544393,39.17
544416,892.59
544417,40.65
544418,7757.87
544399,172.7
544398,17.5
544421,7875.48
544403,19042.7
544406,664.78
544407,29594.45
544425,58.57
544426,47.53
555555,527.61
570004,62.15
544410,1155.12
590003,21727.74
544413,3460.84
544414,1210.51
590013,2501.24
590018,104.46
590021,4858.66
544419,1322.31
590025,307.33
544420,5395.47
590031,501.85
544422,51.16
590051,2950.63
544423,8650.45
590062,1141.48
544424,493.58
570005,10.81
570002,14.57
590070,16.84
590005,2967.57
590072,310.75
590006,2107.82
590075,119.61
590078,3336.18
590024,63170.4
590030,1718.93
590096,324.71
590097,3.28
590098,6.43
590041,121.01
590101,14.39
590057,185.78
590065,1433.33
590106,97.35
590066,2568.11
590108,67.53
590068,58.88
590110,6.88
590071,56401.32
590073,1949.14
590134,1463.93
590086,2784.09
590095,19.21
590099,1.27
590103,134.4
590104,401.43
590107,113.5
590109,5.21
590113,17.12
590115,1343.48
501945,10.32
543689,1756.15
543905,18.01
523710,518.01
511246,34.02
530795,7.68
500358,12.62
508961,18.23
500189,244.73
511563,10.45
544443,13874.41
519279,2.65
543799,118.33
505703,23.73
541983,33.56
531994,59.41
531574,15.42
512277,54.38
544312,16.21
544430,3612.38
543410,67.81
530231,25.4
540082,78.76
544188,9.95
531505,10.42
544378,25.84
543831,834.95
519494,39.4
509069,42.21
540843,49.8
508929,296.57
506975,11.27
503863,12.96
544439,5917.03
531640,17.79
524502,126.25
530669,20.08
521036,4.77
533257,1064.85
509966,5079.7
526504,3.62
531557,17.38
500178,1.89
543621,18.82
530547,4.44
544272,625.77
531029,9.45
515145,154.39
511539,69.89
502271,13.77
543460,35.19
544220,7.71
514348,13.15
542667,17.21
537707,44.75
524514,10.31
541945,49.2
543651,12.94
531533,41.41
544190,14.45
544442,303.5
540146,73.92
543830,19.51
519415,25.98
544429,69774.86
501151,26.54
514318,104.41
539486,1.75
538743,24.18
517370,38.54
542524,10.86
531936,27.6
539982,5.88
543618,39.78
531506,10.85
513063,22.54
538993,7.52
530917,15.09
538395,42.9
543744,47.06
542724,172.88
523425,4.47
530177,15.58
531647,34.06
530291,27.82
543435,75.87
544165,98.52
507515,8.1
523387,12.19
530151,19.79
540468,41.58
532444,4.08
505160,1815.42
532368,3926.88
544444,366.62
511730,15.61
531556,179.02
544217,1714.01
514260,4.6
543598,38.79
531409,11.17
543546,177.78
517077,9.67
544374,2332.04
542376,40.93
540729,18.3
526869,11.38
530779,38.86
543444,5.48
512359,6.3
512479,98.24
523874,128.59
543518,36.3
531515,3.56
531769,8.99
539273,26.07
530715,9.47
544436,81.21
514128,18.93
543798,14.37
544445,106.36
543899,17472.91
532532,790.38
539978,4617.43
544245,21.81
538674,3.65
526675,6.66
505320,17.74
544449,41017.19
542332,11.19
534796,17.0
543543,325.43
516092,85.68
531600,46.92
541178,26.56
521188,4.88
534659,5.21
543897,22.46
544156,8.18
530093,3.21
543239,109.47
513579,5.14
544432,710.01
